USE 'DBGUI';

INSERT INTO Institution(inst_ID, name) VALUES

	(001, "Dedman"),
	(002, "Cox"),
	(003, "Meadows"),
	(004, "Simmons"),
	(005, "Lyle");

INSERT INTO Department(dept_ID, inst_ID, name) VALUES


	(003, 001,  "Anthropology"),
	(008, 001,  "Biological Sciences"),
	(009, 001,  "Chemistry"),
	(016, 001,  "Earth Sciences"),
	(017, 001,  "Economics"),
	(020, 001,  "English"),
	(023, 001,  "History"),
	(029, 001,  "Mathematics"),
	(032, 001,  "Philosophy"),
	(033, 001,  "Physics"),
	(034, 001,  "Political Science"),
	(035, 001,  "Psychology"),
	(037, 001,  "Religious Sciences"),
	(038, 001,  "Sociology"),
	(039, 001,  "Statistical Sciences"),
	(043, 001,  "World Languages"),

	(001, 002,  "Accounting"),
	(022, 002,  "Finance"),
	(024, 002,  "Information Technology & Operations Management"),
	(026, 002,  "Management and Organizations"),
	(028, 002,  "Marketing"),
	(036, 002,  "Real Estate Risk Management & Business Law"),
	(040, 002,  "Strategy and Entrepreneurship"),

	(002, 003,  "Advertising"),
	(006, 003,  "Art History"),
	(007, 003,  "Art Management"),
	(005, 003,  "Art"),
	(011, 003,  "Communication"),
	(013, 003,  "Creative Computing"),
	(014, 003,  "Dance"),
	(021, 003,  "Film & Media Arts"),
	(025, 003,  "Journalism"),
	(031, 003,  "Music"),
	(042, 003,  "Theatre"),

	(004, 004,  "Applied Physiology & Wellness"),
	(015, 004,  "Dispute Resolution & Counseling"),
	(018, 004,  "Eduction Policy & Leadership"),
	(041, 004,  "Teaching & Learning"),

	(010, 005,  "Civil & Environmental Engineering"),
	(012, 005,  "Computer Science & Engineering"),
	(019, 005,  "Electrical Engineering"),
	(027, 005,  "Management Sciences"),
	(030, 005,  "Mechanical Engineering");



INSERT INTO Users(user_ID, active, dateCreated, fname, lname, email, userType) VALUES

	(001, FALSE, '2015-07-12', "Nicholas", "Chao", "nhchao@smu.edu", "Admin"),
	(002, FALSE, '2015-07-12', "Mary", "McCreary", "mmcreary@smu.edu", "Admin"),

------------------------------------------------------------------------------
--						 			Cox Faculty 							--
------------------------------------------------------------------------------

	(003, FALSE, '2015-07-31', "Ellen", "Allen", "eallen@smu.edu", "Faculty"),
	(004, FALSE, '2015-07-31', "Jeffrey","Allen","jwallen@smu.edu", "Faculty"),
	(005, FALSE, '2015-07-31', "Marci","Armstrong","marci@smu.edu", "Faculty"),
	(006, FALSE, '2015-07-31', "Thomas","Barry","tbarry@smu.edu", "Faculty"),
	(007, FALSE, '2015-07-31', "Amit","Basu","abasu@smu.edu", "Faculty"),
	(008, FALSE, '2015-07-31', "Charles","Besio","cbesio@smu.edu", "Faculty"),
	(009, FALSE, '2015-07-31', "William", "Brueggeman", "wbruegge@smu.edu", "Faculty"),
	(010, FALSE, '2015-07-31', "Andrew", "Chen", "achen@smu.edu", "Faculty"),
	(011, FALSE, '2015-07-31', "Jim","Collins","jcollins@smu.edu", "Faculty"),
	(012, FALSE, '2015-07-31', "Sonja","Corbin","sonjac@smu.edu", "Faculty"),
	-- (013, FALSE, '2015-07-31', "Charles","Dannis","cdannis@crossondannis.com", "Faculty"),
	(014, FALSE, '2015-07-31', "Michael (Mike)", "Davis", "mldavis@smu.edu", "Faculty"),
	(015, FALSE, '2015-07-31', "Steven", "Denson", "sdenson@smu.edu", "Faculty"),
	(016, FALSE, '2015-07-31', "Hemang", "Desai", "hdesai@smu.edu", "Faculty"),
	(017, FALSE, '2015-07-31', "William (Bill)", "Dillon", "bdillon@smu.edu", "Faculty"),
	(018, FALSE, '2015-07-31', "Meg", "Graves", "mgraves@smu.edu", "Faculty"),
	(019, FALSE, '2015-07-31', "Edward (Ed)", "Fox", "efox@smu.edu", "Faculty"),
	(020, FALSE, '2015-07-31', "Judy", "Foxman", "jfoxman@smu.edu", "Faculty"),
	(021, FALSE, '2015-07-31', "Mel", "Fugate", "mfugate@smu.edu", "Faculty"),
	(022, FALSE, '2015-07-31', "Bezalel (Ben)", "Gavish,gavishb@smu.edu", "Faculty"),
	-- (023, FALSE, '2015-07-31', "Paula", "Strasser (Hill)", "pstrasser@mail.smu.edu", "Faculty"),
	(024, FALSE, '2015-07-31', "Elbert (Bert)", "Greynolds,egreynol@smu.edu", "Faculty"),
	(025, FALSE, '2015-07-31', "Miguel", "Quinones", "quinones@smu.edu", "Faculty"),
	(026, FALSE, '2015-07-31', "Peter", "Heslin", "heslin@smu.edu", "Faculty"),
	(027, FALSE, '2015-07-31', "Daniel", "Howard", "dhoward@smu.edu", "Faculty"),
	(028, FALSE, '2015-07-31', "Ellen", "Jackofsky","efj@smu.edu", "Faculty"),
	(029, FALSE, '2015-07-31', "Roger","Kerin","rkerin@smu.edu", "Faculty"),
	(030, FALSE, '2015-07-31', "Barbara", "Kincaid,bkincaid@smu.edu", "Faculty"),
	(031, FALSE, '2015-07-31', "James", "Kindley", "jkindley@smu.edu", "Faculty"),
	(032, FALSE, '2015-07-31', "Patricia", "Kriska,pkriska@smu.edu", "Faculty"),
	(033, FALSE, '2015-07-31', "David", "Lei", "dlei@smu.edu", "Faculty"),
	(034, FALSE, '2015-07-31', "Joseph", "Magliolo," "jmagliol@smu.edu", "Faculty"),
	-- (035, FALSE, '2015-07-31', "Rick", "Margerison", "rmargerison@vpcco.com", "Faculty"),
	-- (036, FALSE, '2015-07-31', Dave,Mauer, 
	-- (037, FALSE, '2015-07-31', "J. Anthony", "McClure", "anthonymcclure@sbcglobal.net", "Faculty"),
	(038, FALSE, '2015-07-31', "Gary", "Moskowitz", "gmoskowi@smu.edu", "Faculty"),
	(039, FALSE, '2015-07-31', "Thomas", "Perkowski", "tperkows@smu.edu", "Faculty"),
	(040, FALSE, '2015-07-31', "Robin", "Pinkley", "rpinkley@smu.edu", "Faculty"),
	(041, FALSE, '2015-07-31', "Robert", "Puelz", "rpuelz@smu.edu", "Faculty"),
	(042, FALSE, '2015-07-31', "Susan", "Riffe", "sriffe@smu.edu", "Faculty"),
	-- (043, FALSE, '2015-07-31', "Stewart", "Rogers", "Datasort@gte.net", "Faculty"),
	(044, FALSE, '2015-07-31', "Ulrike", "Schultze", "uschultz@smu.edu", "Faculty"),
	(045, FALSE, '2015-07-31', "John", "Semple", "jsemple@smu.edu", "Faculty"),
	(046, FALSE, '2015-07-31', "Raj", "Sethuraman", "rsethura@smu.edu", "Faculty"),
	(047, FALSE, '2015-07-31', "Wayne", "Shaw", "wshaw@smu.edu", "Faculty"),
	(048, FALSE, '2015-07-31', "James", "Smith", "jsmith@smu.edu", "Faculty"),
	(049, FALSE, '2015-07-31', "Marion", "Sobol", "msobol@smu.edu", "Faculty"),
	(050, FALSE, '2015-07-31', "Rex", "Thompson","rex@smu.edu", "Faculty"),
	(051, FALSE, '2015-07-31', "Michael", "van Breda", "mvanbred@smu.edu", "Faculty"),
	(052, FALSE, '2015-07-31', "Don", "VandeWalle", "dvande@smu.edu", "Faculty"),
	(053, FALSE, '2015-07-31', "Kumar", "Venkataraman", "kumar@smu.edu", "Faculty"),
	(054, FALSE, '2015-07-31', "Michel", "Vetsuypens", "mvetsuyp@smu.edu", "Faculty"),
	(055, FALSE, '2015-07-31', "Gordon", "Walker", "gwalker@smu.edu", "Faculty"),
	(056, FALSE, '2015-07-31', "Catherine", "Weber", "cweber@smu.edu", "Faculty"),
	(057, FALSE, '2015-07-31', "Jerry", "White", "jwhite@smu.edu", "Faculty"),
	-- (058, FALSE, '2015-07-31', "Atul", "Vohra", "atul.vohra@ps.net", "Faculty"),
	(059, FALSE, '2015-07-31', "John", "Schoen", "jschoen@smu.edu", "Faculty"),
	(060, FALSE, '2015-07-31', "Evan", "Lukasik", "elukasik@smu.edu", "Faculty"),
	-- (061, FALSE, '2015-07-31', "Ray", "Balestri", "cox@balestri.net", "Faculty"),
	(062, FALSE, '2015-07-31', "William", "Bartles", "wbartles@smu.edu", "Faculty"),
	(063, FALSE, '2015-07-31', "John Franklin", "Terry", "jterry@smu.edu", "Faculty"),
	(064, FALSE, '2015-07-31', "Tasadduq", "Shervani", "tshervan@smu.edu", "Faculty"),
	(065, FALSE, '2015-07-31', "Richard", "Briesch", "rbriesch@smu.edu", "Faculty"),
	(066, FALSE, '2015-07-31', "Greg", "Sommers", "gsommers@smu.edu", "Faculty"),
	(067, FALSE, '2015-07-31', "Neil", "Bhattacharya", "neilb@smu.edu", "Faculty"),
	-- (068, FALSE, '2015-07-31', Tao-Hsien,King,
	-- (069, FALSE, '2015-07-31', "Peter", "Robbins", "probbins@mbdworld.com", "Faculty"),
	(070, FALSE, '2015-07-31', "Albert (Al)", "Niemi", "aniemi@smu.edu", "Faculty"),
	(071, FALSE, '2015-07-31', "Priyali", "Rajagopal", "priyalir@smu.edu", "Faculty"),
	(072, FALSE, '2015-07-31', "Scott", "MacDonald", "smacdona@smu.edu", "Faculty"),
	(073, FALSE, '2015-07-31', "J. Douglas", "Hanna", "dhanna@smu.edu", "Faculty"),
	(074, FALSE, '2015-07-31', "Jack", "Baum", "jbaum@smu.edu", "Faculty"),
	(075, FALSE, '2015-07-31', "Simon", "Mak", "smak@smu.edu", "Faculty"),
	(076, FALSE, '2015-07-31', "Robert", "Rasberry", "rasberry@smu.edu", "Faculty"),
	-- (077, FALSE, '2015-07-31', "Harvey", "Rosenblum", "harvey.rosenblum@dal.frb.org", "Faculty"),
	-- (078, FALSE, '2015-07-31', "Ross", "Stoddard", "StoddardRW@aol.com", "Faculty"),
	-- (079, FALSE, '2015-07-31', "Jack", "Miao", "jackchungmiao@aol.com", "Faculty"),
	(080, FALSE, '2015-07-31', "Albert", "McLelland", "amclelland@smu.edu", "Faculty"),
	(081, FALSE, '2015-07-31', "Darius", "Miller", "dpmiller@smu.edu", "Faculty"),
	(082, FALSE, '2015-07-31', "Brian", "Bruce", "bbruce@smu.edu", "Faculty"),
	(083, FALSE, '2015-07-31', "Mina", "Pizzini", "mpizzini@smu.edu", "Faculty"),
	(084, FALSE, '2015-07-31', "Natalia", "Reisel", "nreisel@smu.edu", "Faculty"),
	(085, FALSE, '2015-07-31', "David" "Carroll","Croson", "dcroson@smu.edu", "Faculty"),
	-- (086, FALSE, '2015-07-31', "Lisa", "Dickson", "lf.dickson@sbcglobal.net", "Faculty"),
	(087, FALSE, '2015-07-31', "Dave", "Allen", "Dallen@smu.edu", "Faculty"),
	-- (088, FALSE, '2015-07-31', "Tony", "Dona", "td@thackeraypartners.com", "Faculty"),
	(089, FALSE, '2015-07-31', "Alan", "Shor", "ashor@smu.edu", "Faculty"),
	(090, FALSE, '2015-07-31', "Michael", "Heath", "mjheath@smu.edu", "Faculty"),
	(091, FALSE, '2015-07-31', "Jay", "Carson", "jcarson@smu.edu", "Faculty"),
	(092, FALSE, '2015-07-31', "Sreekumar", "Bhaskaran", "sbhaskar@smu.edu", "Faculty"),
	(093, FALSE, '2015-07-31', "Amar", "Gande", "agande@smu.edu", "Faculty"),
	(094, FALSE, '2015-07-31', "Johan", "Sulaeman", "sulaeman@smu.edu", "Faculty"),
	(095, FALSE, '2015-07-31', "Amy", "Puelz", "apuelz@smu.edu", "Faculty"),
	(096, FALSE, '2015-07-31', "Linda", "Stearns", "lstearns@smu.edu", "Faculty"),
	(097, FALSE, '2015-07-31', "Qin", "Lei", "qlei@smu.edu", "Faculty"),
	(098, FALSE, '2015-07-31', "Jessie", "Zhou", "qzhou@smu.edu", "Faculty"),
	(099, FALSE, '2015-07-31', "Joonwook", "Park", "joonwook@smu.edu", "Faculty"),
	(100, FALSE, '2015-07-31', "T. Andrew", "Poehlman", "poehlman@smu.edu", "Faculty"),
	(101, FALSE, '2015-07-31', "Zining", "Li", "zli@smu.edu", "Faculty"),
	(102, FALSE, '2015-07-31', "Karthik", "Ramachandran", "karthik@smu.edu", "Faculty"),
	(103, FALSE, '2015-07-31', "Ram", "Venkataraman", "ramgopal@smu.edu", "Faculty"),
	(104, FALSE, '2015-07-31', "Mark", "Peterson", "markp@smu.edu", "Faculty"),
	(105, FALSE, '2015-07-31', "Thomas", "Daniel", "tomd@smu.edu", "Faculty"),
	(106, FALSE, '2015-07-31', "Cheryl", "Jensen", "cjensen@smu.edu", "Faculty"),
	(107, FALSE, '2015-07-31', "Glenn","Voss", "gvoss@smu.edu", "Faculty"),
	(108, FALSE, '2015-07-31', "Kevin", "Kuenn", "kkuenn@smu.edu", "Faculty"),
	(109, FALSE, '2015-07-31', "Ray", "Miles", "rmiles@smu.edu", "Faculty"),
	(110, FALSE, '2015-07-31', "Zannie", "Voss", "zvoss@smu.edu", "Faculty"),
	(111, FALSE, '2015-07-31', "Jackie", "Kimzey", "jkimzey@smu.edu", "Faculty"),
	(112, FALSE, '2015-07-31', "Robert", "Chandler", "chandlerr@smu.edu", "Faculty"),
	(113, FALSE, '2015-07-31', "Karin", "Quinones", "kquinones@smu.edu", "Faculty"),
	(114, FALSE, '2015-07-31', "Maria", "Minniti", "mminniti@smu.edu", "Faculty"),
	(115, FALSE, '2015-07-31', "Sara", "Smith", "scsmith@smu.edu", "Faculty"),
	-- (116, FALSE, '2015-07-31', "David", "Pace", "davidapace@gmail.com", "Faculty"),
	(117, FALSE, '2015-07-31', "Charles (Chip)", "Ruscher", "cruscher@smu.edu", "Faculty"),
	(118, FALSE, '2015-07-31', "Maribeth", "Kuenzi", "mkuenzi@smu.edu", "Faculty"),
	(119, FALSE, '2015-07-31', "Konstantina", "Kiousis", "kkiousis@smu.edu", "Faculty"),
	(120, FALSE, '2015-07-31', "Roycee", "Kerr", "roycee@smu.edu", "Faculty"),
	(121, FALSE, '2015-07-31', "W. Michael", "Cox", "wmcox@smu.edu", "Faculty"),
	(122, FALSE, '2015-07-31', "Meg", "Boyd", "mboyd@smu.edu", "Faculty"),
	(123, FALSE, '2015-07-31', "Lynda", "Delsol", "ldelsol@smu.edu", "Faculty"),
	-- (124, FALSE, '2015-07-31', "Bea", "Garza", "bgarza@swbell.net", "Faculty"),
	(125, FALSE, '2015-07-31', "Janice", "Gentsch", "jgentsch@smu.edu", "Faculty"),
	-- (126, FALSE, '2015-07-31', "Cathy", "Groos", "CathyGroos@swbell.net", "Faculty"),
	-- (127, FALSE, '2015-07-31', "Dave", "Gunby", "dgunby@mindimensions.com", "Faculty"),
	-- (128, FALSE, '2015-07-31', "Dwayne", "Long", "dwayneLong@txrr.com", "Faculty"),
	-- (129, FALSE, '2015-07-31', "Barbara", "Payne", "jmpayne@swbell.net", "Faculty"),
	-- (130, FALSE, '2015-07-31', "Olga", "Taylor", "ostaylor@aol.com", "Faculty"),
	-- (131, FALSE, '2015-07-31', "Paula", "Beasley", "paula.beasley@solidcounsel.com", "Faculty"),
	-- (132, FALSE, '2015-07-31', "Julie", "Brand Lynch", "julie@lynous.com", "Faculty"),
	(133, FALSE, '2015-07-31', "Swaminathan", "Kalpathy", "skalpathy@smu.edu", "Faculty"),
	(134, FALSE, '2015-07-31', "Jeff", "Yu", "jieweiyu@smu.edu", "Faculty"),
	(135, FALSE, '2015-07-31', "Jacquelyn", "Thomas", "thomasj@smu.edu", "Faculty"),
	(136, FALSE, '2015-07-31', "William", "Maxwell", "wmaxwell@smu.edu", "Faculty"),
	(137, FALSE, '2015-07-31', "Dwight", "Lee", "leed@smu.edu", "Faculty"),
	(138, FALSE, '2015-07-31', "Carolyn", "Dreher", "cdreher@smu.edu", "Faculty"),
	(139, FALSE, '2015-07-31', "Aydin", "Alptekinoglu", "aalp@smu.edu", "Faculty"),
	(140, FALSE, '2015-07-31', "Francesca", "Spinelli", "fspinelli@smu.edu", "Faculty"),
	(141, FALSE, '2015-07-31', "Dorothy", "Thompson", "dthompson@smu.edu", "Faculty"),
	(142, FALSE, '2015-07-31', "Barry", "Bryan", "bbryan@smu.edu", "Faculty"),
	(143, FALSE, '2015-07-31', "Michael", "Braun", "braunm@smu.edu", "Faculty"),
	(144, FALSE, '2015-07-31', "Donald", "Key", "dkey@smu.edu", "Faculty"),
	(145, FALSE, '2015-07-31', "Jason", "Rodrigue", "jrodrigue@smu.edu", "Faculty"),
	(146, FALSE, '2015-07-31', "Don", "Shelly", "dshelly@smu.edu", "Faculty"),
	(147, FALSE, '2015-07-31', "R.", "Baland", "rbaland@smu.edu", "Faculty"),
	(148, FALSE, '2015-07-31', "Amy", "Altizer", "aaltizer@smu.edu", "Faculty"),
	(149, FALSE, '2015-07-31', "Wendy", "Wilson", "wwilson@smu.edu", "Faculty"),
	-- (150, FALSE, '2015-07-31', "George", "DeCourcy",
	(151, FALSE, '2015-07-31', "James", "Noel", "james@smu.edu", "Faculty"),
	-- (152, FALSE, '2015-07-31', "Midraid", "Cox",
	(153, FALSE, '2015-07-31', "Dennis", "Grindle", "dgrindle@smu.edu", "Faculty"),
	(154, FALSE, '2015-07-31', "Indraneel", "Chakraborty", "ichakraborty@smu.edu", "Faculty"),
	(155, FALSE, '2015-07-31', "Larry", "Kanter", "lkanter@smu.edu", "Faculty"),
	-- (156, FALSE, '2015-07-31', "Rene", "Larrave", "larrave@larrave.com", "Faculty"),
	-- (157, FALSE, '2015-07-31', "Mark", "Melton", "mmelton@hunton.com", "Faculty"),
	-- (158, FALSE, '2015-07-31', "Robin", "Olson", "rob.O@irmi.com", "Faculty"),
	-- (159, FALSE, '2015-07-31', "Matthew", "Cypher", "matthew.cypher@invesco.com", "Faculty"),
	-- (160, FALSE, '2015-07-31', "Lori", "Preston", "lpreston@revenuestorm.com", "Faculty"),
	(161, FALSE, '2015-07-31', "Kathy", "Haden-VanBlargan", "kvanblargan@smu.edu", "Faculty"),
	(162, FALSE, '2015-07-31', "Hyungshin", "Park","parkh@smu.edu", "Faculty"),
	(163, FALSE, '2015-07-31', "Steven", "Dennis", "sdennis@smu.edu", "Faculty"),
	(164, FALSE, '2015-07-31', "R. Canan", "Savaskan-Ebert", "csavaskan@smu.edu", "Faculty"),
	-- (165, FALSE, '2015-07-31', "Holly", "St. John-Peck", "holly@pecktraining.com", "Faculty"),
	-- (166, FALSE, '2015-07-31', "Liliana", "Hickman-Riggs", "liliana@accounting.net", "Faculty"),
	(167, FALSE, '2015-07-31', "Jeffrey", "Harris", "jhharris@smu.edu", "Faculty"),
	(168, FALSE, '2015-07-31', "Melissa", "Lewis-Duarte", "mlewisduarte@smu.edu", "Faculty"),
	(169, FALSE, '2015-07-31', "Morgan", "Ward", "mkward@smu.edu", "Faculty"),
	(170, FALSE, '2015-07-31', "William", "Noakes", "wnoakes@smu.edu", "Faculty"),
	(171, FALSE, '2015-07-31', "Bruce", "Bullock", "bbullock@smu.edu", "Faculty"),
	(172, FALSE, '2015-07-31', "Bernard (Bud)", "Weinstein", "bweinstein@smu.edu", "Faculty"),
	(173, FALSE, '2015-07-31', "Richard", "Alm", "ralm@smu.edu", "Faculty"),
	(174, FALSE, '2015-07-31', "Ken", "McGovern", "kmcgovern@smu.edu", "Faculty"),
	(175, FALSE, '2015-07-31', "Vineeta", "Salvi", "vsalvi@smu.edu", "Faculty"),
	(176, FALSE, '2015-07-31', "Seema", "Bhushan", "sbhushan@smu.edu", "Faculty"),
	(177, FALSE, '2015-07-31', "Patricia", "Alvey", "palvey@smu.edu", "Faculty"),
	(178, FALSE, '2015-07-31', "Richard","Dunn", "rdunn@smu.edu", "Faculty"),
	(179, FALSE, '2015-07-31', "George", "Johnson", "gjohnston@smu.edu", "Faculty"),
	(180, FALSE, '2015-07-31', "Richard", "Metters","rmetters@smu.edu", "Faculty"),
	(181, FALSE, '2015-07-31', "Bao","Nguyen", "bnguyen@smu.edu", "Faculty"),
	(182, FALSE, '2015-07-31', "Charles", "Wheeler", "cwheeler@smu.edu", "Faculty"),
	(183, FALSE, '2015-07-31', "Yian", "Liu", "yianl@smu.edu", "Faculty"),
	(184, FALSE, '2015-07-31', "Stacey", "Jacobsen", "staceyj@smu.edu", "Faculty"),
	(185, FALSE, '2015-07-31', "John", "Sumanth","jsumanth@smu.edu", "Faculty"),
	(186, FALSE, '2015-07-31', "Robert", "Lawson", "rlawson@smu.edu", "Faculty"),
	(187, FALSE, '2015-07-31', "Anne", "Mann", "annem@smu.edu", "Faculty"),
	(188, FALSE, '2015-07-31', "Bo Kyung", "Kim", "kimb@smu.edu", "Faculty"),
	(189, FALSE, '2015-07-31', "Dimitris", "Vrettos", "dvrettos@smu.edu", "Faculty"),
	(190, FALSE, '2015-07-31', "Ryan", "Vogel", "rvogel@smu.edu", "Faculty"),
	(191, FALSE, '2015-07-31', "Clay", "Small", "csmall@smu.edu", "Faculty"),
	(192, FALSE, '2015-07-31', "Christopher", "Angelo", "cangelo@smu.edu", "Faculty"),
	(193, FALSE, '2015-07-31', "Jeffrey S.", "Noland", "jnoland@smu.edu", "Faculty"),
	(194, FALSE, '2015-07-31', "Cynthia", "Rerko", "crerko@smu.edu", "Faculty"),
	(195, FALSE, '2015-07-31', "Jim", "Brimson", "jbrimson@smu.edu", "Faculty"),
	(196, FALSE, '2015-07-31', "Roman", "Weil", "rweil@smu.edu", "Faculty"),
	(197, FALSE, '2015-07-31', "Kirk", "Rimer", "no-reply@smu.edu", "Faculty"),
	(198, FALSE, '2015-07-31', "William", "Riggs", "wriggs@smu.edu", "Faculty"),
	-- (199, FALSE, '2015-07-31', "Alex", "Ramsey", "alex@lodestaruniversal.com", "Faculty"),
	(200, FALSE, '2015-07-31', "Dr. Helmuth", "Ludwig", "hludwig@smu.edu", "Faculty"),
	(201, FALSE, '2015-07-31', "James (Jim)","Linck", "jlinck@smu.edu", "Faculty"),
	(202, FALSE, '2015-07-31', "Harry", "Evans", "hmevans@smu.edu", "Faculty"),
	(203, FALSE, '2015-07-31', "Patrick", "Hamner", "phamner@smu.edu", "Faculty"),
	(204, FALSE, '2015-07-31', "William", "Nanry", "wnanry@smu.edu", "Faculty"),
	(205, FALSE, '2015-07-31', "Tom","Tan", "ttan@smu.edu", "Faculty"),
	(206, FALSE, '2015-07-31', "Brian", "Bartles", "bbartles@smu.edu", "Faculty"),
	(207, FALSE, '2015-07-31', "M. Laura", "Kane-Sellers", "lkane@smu.edu", "Faculty"),
	-- (208, FALSE, '2015-07-31', "Elizabeth", "Lashley", "xtremlee@aol.com", "Faculty"),
	(209, FALSE, '2015-07-31', "Ruihao,Ke", "rke@smu.edu", "Faculty"),
	(210, FALSE, '2015-07-31', "Manju", "Radhakrishna", "mradhakrishn@smu.edu", "Faculty"),
	(211, FALSE, '2015-07-31', "Andrew", "MacKinlay", "amackinlay@smu.edu", "Faculty"),
	(212, FALSE, '2015-07-31', "Ravi", "Sastry", "rsastry@smu.edu", "Faculty"),
	(213, FALSE, '2015-07-31', "Simon", "Huang", "simon@smu.edu", "Faculty"),
	(214, FALSE, '2015-07-31', "Adam", "Williams", "adwilliams@smu.edu", "Faculty"),
	(215, FALSE, '2015-07-31', "Pamela L.", "Van Dyke", "pvandyke@smu.edu", "Faculty"),
	(216, FALSE, '2015-07-31', "Julian", "Kolev","jkolev@smu.edu", "Faculty"),
	(217, FALSE, '2015-07-31', "Rajiv", "Mukherjee", "rmukherjee@smu.edu", "Faculty"),
	(218, FALSE, '2015-07-31', "J.Mark", "McWatters", "mmcwatters@smu.edu", "Faculty"),
	(219, FALSE, '2015-07-31', "Virginia Stewart", "Kay", "vkay@smu.edu", "Faculty"),
	(220, FALSE, '2015-07-31', "Gary","Weed", "gweed@smu.edu", "Faculty"),
	(221, FALSE, '2015-07-31', "William", "Browning", "wbrowning@smu.edu", "Faculty"),
	(222, FALSE, '2015-07-31', "Stanimir", "Markov","smarkov@smu.edu", "Faculty"),
	(223, FALSE, '2015-07-31', "Santhanakrishnan", "Mukunthan", "muku@smu.edu", "Faculty"),
	(224, FALSE, '2015-07-31', "Nathan", "Walcott", "nwalcott@smu.edu", "Faculty"),
	(225, FALSE, '2015-07-31', "Kara", "Wells", "kewells@smu.edu", "Faculty"),
	(226, FALSE, '2015-07-31', "Gary", "Dixon", "gdixon@smu.edu", "Faculty"),
	(227, FALSE, '2015-07-31', "Sal", "Mistry", "smistry@smu.edu", "Faculty"),
	(228, FALSE, '2015-07-31', "Gauri", "Bhat", "gbhat@smu.edu", "Faculty"),
	(229, FALSE, '2015-07-31', "Connie", "Britten", "cbritten@smu.edu", "Faculty"),
	(230, FALSE, '2015-07-31', "Kate", "Hoedebeck", "khoedebeck@smu.edu", "Faculty"),
	(231, FALSE, '2015-07-31', "Clyde", "Rupert", "crupert@smu.edu", "Faculty"),
	(232, FALSE, '2015-07-31', "John", "Keehler", "jkeehler@smu.edu", "Faculty"),
	-- (233, FALSE, '2015-07-31', "Jeff", "Lamb", "TBD@smu.edu", "Faculty"),
	(234, FALSE, '2015-07-31', "Vishal", "Ahuja", "vahuja@smu.edu", "Faculty"),
	(235, FALSE, '2015-07-31', "Mattia", "Landoni", "lando@smu.edu", "Faculty"),
	(236, FALSE, '2015-07-31', "Joseph", "Cahoon", "jcahoon@smu.edu", "Faculty");

------------------------------------------------------------------------------
--						 			Lyle Faculty 							--
------------------------------------------------------------------------------

	--(000, FALSE, '2015-07-12', "Mark", "Fontenot", "mfonten@lyle.smu.edu", "Faculty"); -- move this seimcolon to the last user entry

------------------------------------------------------------------------------
--						 			Dedman Faculty 							--
------------------------------------------------------------------------------

------------------------------------------------------------------------------
--						 			Simmons Faculty 						--
------------------------------------------------------------------------------

------------------------------------------------------------------------------
--						 			Meadows Faculty 							--
------------------------------------------------------------------------------

INSERT INTO Faculty(user_ID, inst_ID, dept_ID, loginCount) VALUES

------------------------------------------------------------------------------
--						 			Cox Faculty 							--
------------------------------------------------------------------------------

	(003, 002, 024, 1),
	(004, 002, 022, 1),
	(005, 002, 028, 1),
	(006, 002, 028, 1),
	(007, 002, 024, 1),
	(008, 002, 028, 1),
	(009, 002, 036, 1),
	(010, 002, 022, 1),
	(011, 002, 024, 1),
	(012, 002, 028, 1),
	(013, 002, 036, 1),
	(014, 002, 040, 1),
	(015, 002, 026, 1),
	(016, 002, 001, 1),
	(017, 002, 028, 1),
	(018, 002, 026, 1),
	(019, 002, 028, 1),
	(020, 002, 028, 1),
	(021, 002, 026, 1),
	(022, 002, 024, 1),
	(023, 002, 026, 1),
	(024, 002, 001, 1),
	(025, 002, 026, 1),
	(026, 002, 026, 1),
	(027, 002, 028, 1),
	(028, 002, 026, 1),
	(029, 002, 028, 1),
	(030, 002, 036, 1),
	(031, 002, 028, 1),
	(032, 002, 040, 1),
	(033, 002, 040, 1),
	(034, 002, 001, 1),
	(035, 002, 040, 1),
	(036, 002, 040, 1),
	(037, 002, 040, 1),
	(038, 002, 040, 1),
	(039, 002, 026, 1),
	(040, 002, 026, 1),
	(041, 002, 036, 1),
	(042, 002, 001, 1),
	(043, 002, 024, 1),
	(044, 002, 024, 1),
	(045, 002, 024, 1),
	(046, 002, 028, 1),
	(047, 002, 001, 1),
	(048, 002, 022, 1),
	(049, 002, 024, 1),
	(050, 002, 022, 1),
	(051, 002, 001, 1),
	(052, 002, 026, 1),
	(053, 002, 022, 1),
	(054, 002, 022, 1),
	(055, 002, 040, 1),
	(056, 002, 036, 1),
	(057, 002, 040, 1),
	(058, 002, 040, 1),
	(059, 002, 040, 1),
	(060, 002, 040, 1),
	(061, 002, 040, 1),
	(062, 002, 040, 1),
	(063, 002, 040, 1),
	(064, 002, 028, 1),
	(065, 002, 028, 1),
	(066, 002, 001, 1),
	(067, 002, 001, 1),
	(068, 002, 001, 1),
	(069, 002, 001, 1),
	(070, 002, 022, 1),
	(071, 002, 028, 1),
	(072, 002, 022, 1),
	(073, 002, 001, 1),
	(074, 002, 040, 1),
	(075, 002, 040, 1),
	(076, 002, 026, 1),
	(077, 002, 022, 1),
	(078, 002, 026, 1),
	(079, 002, 026, 1),
	(080, 002, 040, 1),
	(081, 002, 022, 1),
	(082, 002, 022, 1),
	(083, 002, 001, 1),
	(084, 002, 022, 1),
	(085, 002, 040, 1),
	(086, 002, 001, 1),
	(087, 002, 024, 1),
	(088, 002, 036, 1),
	(089, 002, 040, 1),
	(090, 002, 001, 1),
	(091, 002, 026, 1),
	(092, 002, 024, 1),
	(093, 002, 022, 1),
	(094, 002, 022, 1),
	(095, 002, 024, 1),
	(096, 002, 026, 1),
	(097, 002, 022, 1),
	(098, 002, 040, 1),
	(099, 002, 028, 1),
	(100, 002, 028, 1),
	(101, 002, 001, 1),
	(102, 002, 024, 1),
	(103, 002, 001, 1),
	(104, 002, 028, 1),
	(105, 002, 026, 1),
	(106, 002, 026, 1),
	(107, 002, 028, 1),
	(108, 002, 026, 1),
	(109, 002, 040, 1),
	(110, 002, 028, 1),
	(111, 002, 040, 1),
	(112, 002, 026, 1),
	(113, 002, 026, 1),
	(114, 002, 040, 1),
	(115, 002, 026, 1),
	(116, 002, 026, 1),
	(117, 002, 022, 1),
	(118, 002, 026, 1),
	(119, 002, 040, 1),
	(120, 002, 040, 1),
	(121, 002, 040, 1),
	(122, 002, 040, 1),
	(123, 002, 040, 1),
	(124, 002, 040, 1),
	(125, 002, 040, 1),
	(126, 002, 040, 1),
	(127, 002, 040, 1),
	(128, 002, 040, 1),
	(129, 002, 040, 1),
	(130, 002, 040, 1),
	(131, 002, 036, 1),
	(132, 002, 036, 1),
	(133, 002, 022, 1),
	(134, 002, 001, 1),
	(135, 002, 028, 1),
	(136, 002, 022, 1),
	(137, 002, 040, 1),
	(138, 002, 001, 1),
	(139, 002, 024, 1),
	(140, 002, 026, 1),
	(141, 002, 040, 1),
	(142, 002, 001, 1),
	(143, 002, 028, 1),
	(144, 002, 001, 1),
	(145, 002, 001, 1),
	(146, 002, 022, 1),
	(147, 002, 001, 1),
	(148, 002, 001, 1),
	(149, 002, 001, 1),
	(150, 002, 040, 1),
	(151, 002, 001, 1),
	(152, 002, 040, 1),
	(153, 002, 026, 1),
	(154, 002, 022, 1),
	(155, 002, 001, 1),
	(156, 002, 024, 1),
	(157, 002, 001, 1),
	(158, 002, 036, 1),
	(159, 002, 036, 1),
	(160, 002, 040, 1),
	(161, 002, 026, 1),
	(162, 002, 001, 1),
	(163, 002, 028, 1),
	(164, 002, 024, 1),
	(165, 002, 040, 1),
	(166, 002, 001, 1),
	(167, 002, 022, 1),
	(168, 002, 026, 1),
	(169, 002, 028, 1),
	(170, 002, 026, 1),
	(171, 002, 040, 1),
	(172, 002, 040, 1),
	(173, 002, 040, 1),
	(174, 002, 022, 1),
	(175, 002, 026, 1),
	(176, 002, 001, 1),
	(177, 002, 028, 1),
	(178, 002, 026, 1),
	(179, 002, 026, 1),
	(180, 002, 026, 1),
	(181, 002, 001, 1),
	(182, 002, 001, 1),
	(183, 002, 022, 1),
	(184, 002, 022, 1),
	(185, 002, 026, 1),
	(186, 002, 040, 1),
	(187, 002, 026, 1),
	(188, 002, 040, 1),
	(189, 002, 001, 1),
	(190, 002, 026, 1),
	(191, 002, 040, 1),
	(192, 002, 022, 1),
	(193, 002, 022, 1),
	(194, 002, 040, 1),
	(195, 002, 001, 1),
	(196, 002, 001, 1),
	(197, 002, 022, 1),
	(198, 002, 001, 1),
	(199, 002, 040, 1),
	(200, 002, 040, 1),
	(201, 002, 022, 1),
	(202, 002, 026, 1),
	(203, 002, 040, 1),
	(204, 002, 024, 1),
	(205, 002, 024, 1),
	(206, 002, 040, 1),
	(207, 002, 026, 1),
	(208, 002, 026, 1),
	(209, 002, 001, 1),
	(210, 002, 026, 1),
	(211, 002, 022, 1),
	(212, 002, 022, 1),
	(213, 002, 022, 1),
	(214, 002, 036, 1),
	(215, 002, 026, 1),
	(216, 002, 040, 1),
	(217, 002, 024, 1),
	(218, 002, 024, 1),
	(219, 002, 026, 1),
	(220, 002, 026, 1),
	(221, 002, 001, 1),
	(222, 002, 001, 1),
	(223, 002, 040, 1),
	(224, 002, 040, 1),
	(225, 002, 001, 1),
	(226, 002, 001, 1),
	(227, 002, 026, 1),
	(228, 002, 001, 1),
	(229, 002, 040, 1),
	(230, 002, 040, 1),
	(231, 002, 040, 1),
	(232, 002, 040, 1),
	(233, 002, 026, 1),
	(234, 002, 024, 1),
	(235, 002, 022, 1),
	(236, 002, 036, 1);			-- move this semicolon to the end of the faculty table


------------------------------------------------------------------------------
--						 			Lyle Faculty 							--
------------------------------------------------------------------------------

	 -- (001, 005, 012, 1),
	 -- (002, 005, 030, 1),
	-- (000, 005, 012, 1); -- move this seimcolon to the last user entry

INSERT INTO Admin(user_ID) VALUES

	(001),
	(002);

INSERT INTO ResearchOp(researchOp_ID, user_ID, inst_ID, dept_ID, active, dateCreated, name, gradStudents, description) VALUES
------------------------------------------------------------------------------
--						 			ROP Examples							--
------------------------------------------------------------------------------
	(100, 003, 005, 013, TRUE, '2014-11-22', "Virtual Girlfriend Creation", "No Grad Students here!", "Create a girlfriend so you do not have to talk to real people!"),
	(101, 002, 002, 023, TRUE, '2014-11-23', "Business in America", "No Grad Students here!", "You live in America. Do the business OUR way."),
	(102, 001, 003, 005, TRUE, '2014-11-24', "Future of Art", "No Grad Students here!", "Art did not used to suck, maybe it will not suck in the future?"),
	(103, 001, 001, 008, TRUE, '2014-11-25', "Dissection of Cow Stomach", "No Grad Students here!", "We made sure to kill the cow right after it ate. DIG IN!"),
	(104, 003, 001, 036, TRUE, '2014-11-26', "Court Behavior Analysis", "No Grad Students here!", "Psychopaths act weird in courtroom situations. Let us watch what they do.");	
	


